open_time,open,high,low,close,volume,quote_asset_volume,number_of_trades,taker_buy_base_asset_volume,taker_buy_quote_asset_volume
2025-10-11 09:55:00,3825.52,3829.89,3824.63,3828.05,197.2247,754924.007498,5539.0,87.7385,335798.05831
2025-10-11 09:56:00,3828.05,3832.27,3827.83,3832.09,231.9237,888388.258032,4325.0,71.1846,272660.947093
2025-10-11 09:57:00,3832.09,3832.09,3826.74,3829.05,229.7307,879644.184621,6573.0,120.3834,460905.141187
2025-10-11 09:58:00,3829.05,3829.05,3826.08,3828.01,167.1776,639814.623566,3918.0,52.1363,199529.907088
2025-10-11 09:59:00,3828.01,3831.46,3825.4,3829.37,540.1851,2068146.616923,5640.0,362.0639,1386203.58607
2025-10-11 10:00:00,3829.36,3831.73,3828.11,3831.68,339.9204,1301883.297362,4417.0,119.3316,457052.354475
2025-10-11 10:01:00,3831.68,3831.68,3825.85,3827.9,372.5599,1426628.259026,6433.0,124.3731,476239.055411
2025-10-11 10:02:00,3827.91,3827.91,3820.83,3821.67,575.69,2200669.72239,5553.0,219.047,837128.815099
2025-10-11 10:03:00,3821.67,3826.61,3821.67,3823.96,511.5707,1956187.406218,7830.0,185.5764,709552.108813
2025-10-11 10:04:00,3823.96,3824.88,3822.0,3822.34,236.0944,902716.64827,4292.0,46.9324,179441.576491
2025-10-11 10:05:00,3822.35,3822.41,3818.32,3818.72,554.8905,2119967.266416,6476.0,142.071,542915.584157
2025-10-11 10:06:00,3818.72,3828.28,3818.72,3824.19,312.0003,1193122.557431,6467.0,171.8319,657020.508821
2025-10-11 10:07:00,3824.19,3824.2,3821.15,3821.84,199.6473,763049.697693,2919.0,79.2468,302856.586262
2025-10-11 10:08:00,3821.85,3825.77,3819.69,3820.26,437.0299,1670204.836464,6292.0,84.7854,324037.395134
2025-10-11 10:09:00,3820.25,3824.68,3819.87,3823.01,275.9909,1055014.984641,6051.0,127.6761,488049.664704
2025-10-11 10:10:00,3823.02,3829.5,3822.65,3828.37,328.4,1256615.251097,4218.0,168.1077,643234.848417
2025-10-11 10:11:00,3828.36,3832.0,3828.22,3830.93,373.2316,1429802.520789,3107.0,200.3388,767470.087531
2025-10-11 10:12:00,3830.92,3833.39,3829.8,3829.8,438.5343,1680171.174477,3921.0,205.7808,788457.405259
2025-10-11 10:13:00,3829.81,3833.12,3829.81,3833.11,186.9803,716538.568341,2293.0,100.5507,385324.090335
2025-10-11 10:14:00,3833.12,3834.61,3833.1,3833.73,198.8551,762376.813334,2345.0,86.9966,333530.586132
2025-10-11 10:15:00,3833.73,3834.92,3832.0,3832.01,336.7382,1290804.279646,4222.0,149.2219,572003.251767
2025-10-11 10:16:00,3832.0,3832.71,3829.52,3829.53,233.4508,894385.251574,3242.0,46.734,179034.59853
2025-10-11 10:17:00,3829.52,3829.52,3825.0,3825.82,334.6284,1280565.139573,5904.0,137.9662,527925.369552
2025-10-11 10:18:00,3825.83,3832.94,3825.82,3828.21,256.5881,982728.806992,5736.0,81.4049,311786.012678
2025-10-11 10:19:00,3828.2,3828.5,3825.78,3828.15,307.7549,1177757.988735,4287.0,167.0904,639440.667382
2025-10-11 10:20:00,3828.14,3832.8,3827.8,3832.46,214.6387,822068.753968,2549.0,158.0281,605262.500073
2025-10-11 10:21:00,3832.45,3838.77,3831.85,3837.99,699.6936,2684073.728019,3813.0,471.8676,1809845.310612
2025-10-11 10:22:00,3838.0,3838.21,3835.1,3836.05,311.9191,1196721.673038,4860.0,150.1119,575884.998962
2025-10-11 10:23:00,3836.05,3836.47,3834.0,3835.54,158.9997,609773.245694,3407.0,84.081,322460.901792
2025-10-11 10:24:00,3835.54,3835.54,3833.5,3834.82,178.8976,685983.76448,3854.0,84.2381,322999.326157
2025-10-11 10:25:00,3834.82,3842.05,3834.82,3841.84,440.5172,1690794.676888,4625.0,281.1007,1078988.639057
2025-10-11 10:26:00,3841.85,3849.45,3841.85,3847.43,1103.1622,4243695.880363,8171.0,722.3763,2778526.670432
2025-10-11 10:27:00,3847.43,3849.08,3846.48,3847.88,257.9773,992582.847243,5362.0,95.6422,367990.441266
2025-10-11 10:28:00,3847.88,3854.5,3847.87,3850.87,1434.2825,5524298.950935,6359.0,458.4726,1765621.030934
2025-10-11 10:29:00,3850.86,3854.55,3848.43,3854.3,808.4867,3114329.849226,5035.0,536.4973,2066358.722391
2025-10-11 10:30:00,3854.3,3857.24,3854.12,3856.54,386.6966,1490897.83441,5845.0,299.8135,1155901.625302
2025-10-11 10:31:00,3856.54,3856.67,3848.85,3849.68,823.7,3173463.08175,7311.0,420.1639,1619046.453243
2025-10-11 10:32:00,3849.69,3851.4,3848.0,3848.43,2479.3043,9541952.814495,5946.0,367.8496,1415966.920511
2025-10-11 10:33:00,3848.44,3849.01,3843.2,3843.41,709.3712,2728839.415368,5252.0,301.7313,1160649.173943
2025-10-11 10:34:00,3843.42,3843.62,3835.89,3835.9,576.8223,2214726.96142,5615.0,220.3348,846090.986598
2025-10-11 10:35:00,3835.9,3836.7,3833.0,3834.07,569.2877,2182739.219143,5386.0,131.4849,504164.577795
2025-10-11 10:36:00,3834.08,3838.47,3833.0,3838.46,335.2622,1285775.180285,5142.0,166.6188,638982.48112
2025-10-11 10:37:00,3838.47,3841.01,3837.92,3841.0,376.8576,1446967.296805,4424.0,247.7192,951161.962859
2025-10-11 10:38:00,3841.0,3841.0,3833.64,3833.64,342.4953,1314060.764162,4010.0,114.4114,438861.978496
2025-10-11 10:39:00,3833.65,3834.64,3831.97,3833.1,452.9932,1736231.916801,3551.0,117.7304,451228.772901
2025-10-11 10:40:00,3833.09,3833.58,3830.41,3830.41,279.0859,1069530.401626,4249.0,90.5202,346915.471252
2025-10-11 10:41:00,3830.41,3834.0,3828.75,3831.08,442.7932,1696463.668361,5809.0,193.7657,742406.867575
2025-10-11 10:42:00,3831.08,3832.03,3829.14,3831.33,274.8797,1052988.244961,4311.0,101.5889,389170.197262
2025-10-11 10:43:00,3831.33,3832.86,3830.82,3832.23,338.2951,1296299.329805,3482.0,128.2082,491271.922625
2025-10-11 10:44:00,3832.23,3837.63,3831.36,3837.02,436.7066,1674294.971046,5108.0,253.3074,971215.979152
2025-10-11 10:45:00,3837.01,3838.31,3833.22,3836.0,217.3918,833832.796976,4329.0,80.3268,308107.152724
2025-10-11 10:46:00,3836.01,3836.55,3832.15,3834.37,254.2785,975054.131145,6344.0,94.3346,361709.693429
2025-10-11 10:47:00,3834.36,3836.05,3831.85,3831.86,276.8662,1061215.887837,5644.0,111.4216,427052.666708
2025-10-11 10:48:00,3831.85,3831.86,3826.38,3828.37,604.5318,2314423.11499,6331.0,137.6571,526942.889278
2025-10-11 10:49:00,3828.38,3832.98,3827.55,3831.72,276.2785,1058326.560783,4235.0,161.4227,618386.856359
2025-10-11 10:50:00,3831.71,3834.85,3831.1,3833.87,252.3609,967295.514122,3756.0,87.5851,335738.123178
2025-10-11 10:51:00,3833.86,3837.16,3833.86,3833.96,324.5542,1244980.832232,3321.0,172.7988,662876.02362
2025-10-11 10:52:00,3833.95,3833.96,3831.28,3831.67,200.9638,770207.087411,3443.0,52.7229,202067.184001
2025-10-11 10:53:00,3831.67,3833.67,3831.1,3831.69,189.7278,727041.404324,2596.0,75.897,290835.819785
2025-10-11 10:54:00,3831.7,3832.24,3830.0,3830.03,151.693,581144.631553,2747.0,71.1178,272454.948786
2025-10-11 10:55:00,3830.02,3835.0,3829.2,3835.0,171.0634,655439.948177,3671.0,115.4056,442191.133896
2025-10-11 10:56:00,3835.0,3835.66,3832.44,3834.07,236.1403,905444.052317,2839.0,159.0642,609941.154199
2025-10-11 10:57:00,3834.07,3834.63,3831.73,3831.73,100.1338,383822.785887,3505.0,41.0394,157304.476626
2025-10-11 10:58:00,3831.73,3833.35,3830.79,3830.8,211.9351,812178.582609,1877.0,52.7339,202087.830567
2025-10-11 10:59:00,3830.79,3834.23,3830.2,3833.89,190.8722,731429.248708,1730.0,88.4146,338843.847456
2025-10-11 11:00:00,3833.9,3833.9,3829.26,3829.87,323.096,1238076.187204,3092.0,69.3083,265560.899155
2025-10-11 11:01:00,3829.87,3831.06,3827.72,3827.72,341.754,1308617.152133,4383.0,139.5706,534481.090436
2025-10-11 11:02:00,3827.73,3830.04,3824.49,3830.03,800.5891,3063650.283145,5418.0,552.5684,2114504.383479
2025-10-11 11:03:00,3830.03,3832.09,3824.6,3824.61,380.1457,1455255.634361,4973.0,151.0833,578510.888194
2025-10-11 11:04:00,3824.6,3824.61,3823.35,3823.8,226.7537,867122.608997,1208.0,16.8759,64529.616989
